Date,EEM,GLD,SPY,TLT,VNQ
2020-01-02,40.08706283569336,143.9499969482422,297.6988830566406,115.4437026977539,73.07879638671875
2020-01-03,39.3427619934082,145.86000061035156,295.4447021484375,117.22157287597656,73.53304290771484
2020-01-06,39.24644088745117,147.38999938964844,296.57183837890625,116.55592346191406,73.62071990966797
2020-01-07,39.22017288208008,147.97000122070312,295.73797607421875,115.9829330444336,72.79985046386719
2020-01-08,39.44784164428711,146.86000061035156,297.31414794921875,115.21623229980469,73.02301788330078
2020-01-09,39.710533142089844,146.02999877929688,299.3301086425781,115.62063598632812,72.983154296875
2020-01-10,39.920684814453125,146.91000366210938,298.4687805175781,116.64862823486328,73.541015625
2020-01-13,40.542396545410156,145.82000732421875,300.5213928222656,116.2947769165039,74.42562866210938
2020-01-14,40.314727783203125,145.69000244140625,300.0632629394531,116.89295196533203,74.14667510986328
2020-01-15,39.9995002746582,146.5399932861328,300.7413024902344,117.66815185546875,74.81610870361328
2020-01-16,40.25343704223633,146.30999755859375,303.2430114746094,117.29743194580078,75.413818359375
2020-01-17,40.481101989746094,146.5800018310547,304.1868896484375,116.2947769165039,75.48551940917969
2020-01-21,39.456600189208984,146.74000549316406,303.59124755859375,117.51647186279297,76.20277404785156
2020-01-22,39.78058624267578,146.7899932861328,303.62786865234375,117.92932891845703,75.6927261352539
2020-01-23,39.3690299987793,147.1199951171875,303.97607421875,118.75506591796875,76.33026123046875
2020-01-24,39.053794860839844,147.97999572753906,301.2728576660156,119.71566772460938,76.06729125976562
2020-01-27,37.70530700683594,148.99000549316406,296.4434814453125,121.57777404785156,75.7007064819336
2020-01-28,38.020538330078125,147.66000366210938,299.550048828125,120.62567901611328,76.00354766845703
2020-01-29,38.20442581176758,148.4600067138672,299.3025817871094,121.80528259277344,75.72460174560547
2020-01-30,37.63526153564453,148.47000122070312,300.27392578125,121.82217407226562,75.78038787841797
2020-01-31,36.873443603515625,149.3300018310547,294.8216552734375,122.93435668945312,74.8559341430664
2020-02-03,37.28498840332031,148.36000061035156,297.01165771484375,122.83477020263672,75.10301208496094
2020-02-04,38.24820327758789,146.42999267578125,301.5384826660156,121.1805648803711,75.87601470947266
2020-02-05,38.46710968017578,146.61000061035156,305.0206298828125,119.8554458618164,75.92384338378906
2020-02-06,38.502140045166016,147.39999389648438,306.0469970703125,120.3956298828125,76.17886352539062
2020-02-07,37.96799850463867,147.7899932861328,304.4158935546875,121.89796447753906,76.16292572021484
2020-02-10,38.17815399169922,148.1699981689453,306.6884460449219,122.23553466796875,77.01564025878906
2020-02-11,38.677268981933594,147.66000366210938,307.219970703125,121.61943054199219,77.59739685058594
2020-02-12,39.20266342163086,147.5399932861328,309.1993103027344,121.00335693359375,78.05962371826172
2020-02-13,38.68602752685547,148.3800048828125,308.8694763183594,121.46746063232422,78.5298080444336
2020-02-14,38.70354080200195,149.0,309.3642578125,121.99921417236328,79.34268951416016
2020-02-18,38.44960021972656,150.91000366210938,308.5670471191406,122.83477020263672,79.2550277709961
2020-02-19,38.72980880737305,151.7899932861328,310.04241943359375,122.82634735107422,78.18712615966797
2020-02-20,38.12561798095703,152.41000366210938,308.7686767578125,123.78851318359375,79.1195297241211
2020-02-21,37.906707763671875,154.6999969482422,305.5888671875,124.94476318359375,79.35064697265625
2020-02-24,36.488155364990234,156.08999633789062,295.4538269042969,126.81001281738281,78.2668228149414
2020-02-25,36.199195861816406,153.3000030517578,286.5010070800781,127.48516845703125,76.14697265625
2020-02-26,36.488155364990234,153.97000122070312,285.4471740722656,126.81001281738281,75.32614135742188
2020-02-27,35.612510681152344,154.0,272.62725830078125,128.1857452392578,71.31756591796875
2020-02-28,35.48116683959961,148.3800048828125,271.48187255859375,131.0806121826172,69.59620666503906
2020-03-02,36.251731872558594,149.1999969482422,283.23876953125,130.11619567871094,72.56877136230469
2020-03-03,36.00654602050781,153.88999938964844,275.12890625,132.13629150390625,72.40140533447266
2020-03-04,36.645774841308594,154.16000366210938,286.6934509277344,130.7332305908203,75.13488006591797
2020-03-05,35.875205993652344,157.49000549316406,277.1632385253906,133.98741149902344,73.52507019042969
2020-03-06,35.1396598815918,157.5500030517578,272.58148193359375,140.96060180664062,72.25794982910156
2020-03-09,32.740386962890625,157.80999755859375,251.29443359375,144.78106689453125,66.68736267089844
2020-03-10,34.40412521362305,154.47999572753906,264.2974853515625,137.35992431640625,69.50485229492188
2020-03-11,32.80168914794922,153.92999267578125,251.4134979248047,132.3052978515625,65.3284683227539
2020-03-12,29.51801300048828,147.7899932861328,227.35891723632812,133.12521362304688,58.71046829223633
2020-03-13,31.645837783813477,143.27999877929688,246.79501342773438,130.11619567871094,63.83458709716797
2020-03-16,27.696670532226562,141.63999938964844,219.78976440429688,138.54319763183594,52.51815414428711
2020-03-17,29.605579376220703,143.55999755859375,231.65667724609375,129.3048095703125,55.554080963134766
2020-03-18,27.048694610595703,140.6999969482422,219.92724609375,122.0103759765625,50.26933288574219
2020-03-19,27.25885009765625,138.0399932861328,220.39453125,125.33213806152344,50.44602584838867
2020-03-20,27.460248947143555,140.11000061035156,210.8968505859375,134.756591796875,47.93216323852539
2020-03-23,26.80351448059082,146.3000030517578,205.5045928955078,140.3096923828125,45.70742416381836
2020-03-24,28.817501068115234,153.39999389648438,224.12396240234375,137.6980438232422,49.81956481933594
2020-03-25,29.833250045776367,151.3000030517578,227.47915649414062,137.38519287109375,52.50210189819336
2020-03-26,30.962833404541016,153.24000549316406,240.7616424560547,138.0614471435547,56.20464324951172
2020-03-27,29.202781677246094,152.25,233.5903778076172,141.74664306640625,56.2608642578125
2020-03-30,29.68439483642578,152.9199981689453,241.17636108398438,140.5802001953125,57.48966979980469
2020-03-31,29.88578987121582,148.0500030517578,237.58152770996094,139.43922424316406,56.1002197265625
2020-04-01,28.607345581054688,149.4499969482422,226.88922119140625,141.3927459716797,52.41374206542969
2020-04-02,29.570560455322266,151.89999389648438,232.12477111816406,142.2900390625,52.59044647216797
2020-04-03,29.01014518737793,152.64999389648438,228.7696075439453,142.62860107421875,51.82745361328125
2020-04-06,30.595056533813477,156.8800048828125,244.13519287109375,142.25616455078125,55.6665153503418
2020-04-07,30.75267219543457,156.0399932861328,244.38406372070312,140.76641845703125,56.180538177490234
2020-04-08,31.067907333374023,154.64999389648438,252.5876922607422,139.74220275878906,60.01157760620117
2020-04-09,30.954076766967773,158.69000244140625,256.431396484375,139.99620056152344,63.376792907714844
2020-04-13,30.997859954833984,161.41000366210938,254.090087890625,138.71792602539062,60.710304260253906
2020-04-14,31.707128524780273,162.67999267578125,261.58392333984375,138.68405151367188,62.41300582885742
2020-04-15,30.892780303955078,161.85000610351562,256.0258483886719,142.35777282714844,59.93928527832031
2020-04-16,31.05915641784668,161.7100067138672,257.2609558105469,143.97445678710938,59.256614685058594
2020-04-17,31.750913619995117,158.57000732421875,264.21099853515625,142.04454040527344,61.12794494628906
2020-04-20,31.348125457763672,159.6999969482422,259.55615234375,143.18728637695312,58.855045318603516
2020-04-21,30.48123550415039,158.61000061035156,251.6751708984375,144.990234375,57.786842346191406
2020-04-22,31.31308937072754,161.72999572753906,257.2609558105469,143.50889587402344,58.670326232910156
2020-04-23,31.19925880432129,163.33999633789062,257.2425231933594,144.270751953125,58.180389404296875
2020-04-24,31.15547752380371,162.63999938964844,260.828125,144.60931396484375,58.42936706542969
2020-04-27,31.785938262939453,161.55999755859375,264.5888977050781,141.91763305664062,60.42922592163086
2020-04-28,31.847232818603516,160.83999633789062,263.3722229003906,143.55123901367188,60.92716598510742
2020-04-29,32.77541732788086,161.72999572753906,270.2668762207031,142.806396484375,61.8427734375
2020-04-30,32.08366012573242,158.8000030517578,267.7504577636719,141.13890075683594,61.12794494628906
2020-05-01,30.92780303955078,159.77999877929688,260.6622619628906,142.3474884033203,59.06386184692383
2020-05-04,31.260555267333984,160.33999633789062,261.38116455078125,141.6778564453125,58.77473449707031
2020-05-05,31.435684204101562,161.02000427246094,263.7961730957031,140.7710418701172,59.06386184692383
2020-05-06,31.339359283447266,158.9499969482422,262.0079650878906,138.49951171875,58.00370407104492
2020-05-07,31.59330177307129,161.38999938964844,265.1695251464844,140.81341552734375,58.83094787597656
2020-05-08,32.258785247802734,160.4199981689453,269.5570983886719,138.98268127441406,60.22842788696289
2020-05-11,32.04863739013672,159.4199981689453,269.6124267578125,137.89779663085938,59.35299301147461
2020-05-12,31.926036834716797,160.0399932861328,264.2386474609375,139.3131866455078,56.65439987182617
2020-05-13,31.864742279052734,161.5800018310547,259.5653381347656,140.28785705566406,55.2810173034668
2020-05-14,31.98733901977539,163.00999450683594,262.671630859375,141.6609649658203,55.4737663269043
2020-05-15,31.549516677856445,163.92999267578125,263.8790588378906,141.29649353027344,55.25691223144531
2020-05-18,32.78417205810547,162.69000244140625,271.91680908203125,138.19442749023438,58.525753021240234
2020-05-19,32.521484375,164.25999450683594,269.12384033203125,138.71141052246094,57.73866271972656
2020-05-20,32.9505500793457,164.64999389648438,273.69580078125,139.12680053710938,58.25267028808594
2020-05-21,32.57402038574219,162.25,271.80621337890625,139.4742431640625,58.30085372924805
2020-05-22,31.899768829345703,163.2100067138672,272.3223571777344,140.31338500976562,59.087947845458984
2020-05-26,32.60029220581055,160.88999938964844,275.6775207519531,138.4317626953125,61.29662322998047
2020-05-27,32.70536422729492,161.17999267578125,279.7793273925781,138.1774444580078,62.51741409301758
2020-05-28,32.47769546508789,161.72000122070312,279.26312255859375,137.66897583007812,62.81458282470703
2020-05-29,33.038116455078125,162.91000366210938,280.5075378417969,138.65206909179688,62.18812561035156
2020-06-01,33.7999267578125,163.66000366210938,281.64129638671875,137.71859741210938,63.625770568847656
2020-06-02,34.60551834106445,162.60000610351562,283.9732360839844,137.2178955078125,64.1397705078125
2020-06-03,35.41110610961914,159.60000610351562,287.75250244140625,135.39334106445312,66.19586181640625
2020-06-04,34.91199493408203,161.27999877929688,286.9966735839844,133.43296813964844,65.53726959228516
2020-06-05,35.831424713134766,158.00999450683594,294.3522644042969,132.48243713378906,68.01904296875
2020-06-08,36.05032730102539,159.72000122070312,297.9102783203125,132.99166870117188,69.70563507080078
2020-06-09,35.80515670776367,161.25999450683594,295.6888122558594,134.50230407714844,68.5490951538086
2020-06-10,36.067848205566406,163.57000732421875,294.0388488769531,136.49652099609375,66.80625915527344
2020-06-11,34.18521499633789,162.38999938964844,277.0877685546875,139.07643127441406,62.51741409301758
2020-06-12,34.91199493408203,162.6199951171875,280.4061279296875,137.73561096191406,64.75821685791016
2020-06-15,34.59493637084961,162.3300018310547,283.0238952636719,137.8119354248047,65.67379760742188
2020-06-16,34.81511688232422,162.25,288.4714050292969,135.69882202148438,66.96688079833984
2020-06-17,35.14978790283203,162.55999755859375,287.273193359375,136.25894165039062,65.99508666992188
2020-06-18,35.16740417480469,162.24000549316406,287.3838195800781,137.70166015625,65.27223205566406
2020-06-19,35.158592224121094,164.02999877929688,285.7414245605469,137.8119354248047,64.32449340820312
2020-06-22,35.59016036987305,165.08999633789062,287.5746154785156,137.82888793945312,64.26026153564453
2020-06-23,35.93363952636719,166.47999572753906,288.8984680175781,136.88693237304688,63.995201110839844
2020-06-24,35.458045959472656,165.89999389648438,281.529052734375,138.35507202148438,62.172061920166016
2020-06-25,35.60777282714844,165.8000030517578,284.54718017578125,138.7539520263672,62.96613693237305
2020-06-26,35.17621612548828,166.5399932861328,277.7886962890625,140.2390899658203,61.757598876953125
2020-06-29,35.334739685058594,166.6300048828125,281.8715515136719,139.79774475097656,62.94990158081055
2020-06-30,35.220252990722656,167.3699951171875,285.482177734375,139.1189422607422,63.69614028930664
2020-07-01,35.61656951904297,166.6199951171875,287.48193359375,138.84869384765625,65.16422271728516
2020-07-02,36.42684555053711,166.97999572753906,289.0650329589844,138.9931182861328,64.9776611328125
2020-07-06,37.994537353515625,167.97999572753906,293.5274658203125,138.42388916015625,64.94522857666016
2020-07-07,37.360416412353516,169.0399932861328,290.50006103515625,140.36953735351562,63.65557098388672
2020-07-08,38.3292121887207,170.08999633789062,292.7220458984375,139.80877685546875,63.56634521484375
2020-07-09,38.3292121887207,169.6300048828125,291.0555725097656,142.0348663330078,63.16889953613281
2020-07-10,38.082611083984375,169.19000244140625,294.0274353027344,141.3211212158203,63.36357498168945
2020-07-13,37.827205657958984,169.39999389648438,291.4814147949219,141.78843688964844,62.60926818847656
2020-07-14,37.88004684448242,170.19000244140625,295.25872802734375,141.9923858642578,63.13645553588867
2020-07-15,37.994537353515625,170.33999633789062,297.97137451171875,141.3296661376953,63.75291061401367
2020-07-16,37.45729446411133,168.72999572753906,296.989990234375,142.00083923339844,62.990455627441406
2020-07-17,37.668670654296875,170.1199951171875,297.85101318359375,141.70352172851562,63.80965805053711
2020-07-20,38.153076171875,170.94000244140625,300.25811767578125,142.05184936523438,63.047245025634766
2020-07-21,38.50535202026367,173.0,300.8968505859375,142.1368408203125,63.201332092285156
2020-07-22,38.33802032470703,175.6300048828125,302.6097106933594,142.5616455078125,64.16656494140625
2020-07-23,38.02976608276367,177.17999267578125,298.9990234375,144.22689819335938,63.89890670776367
2020-07-24,37.994537353515625,178.6999969482422,297.0732727050781,144.218505859375,63.42845916748047
2020-07-27,38.584632873535156,182.22999572753906,299.2397155761719,143.68324279785156,64.02867889404297
2020-07-28,38.26757049560547,183.75,297.341796875,144.67724609375,65.30211639404297
2020-07-29,38.884071350097656,185.1300048828125,300.9987487792969,144.4308624267578,66.56742858886719
2020-07-30,38.390865325927734,183.75999450683594,299.9248046875,145.3824462890625,66.13754272460938
2020-07-31,38.126651763916016,185.42999267578125,302.2948303222656,145.28903198242188,66.01587677001953
2020-08-03,38.390865325927734,185.63999938964844,304.39642333984375,144.55747985839844,65.13990020751953
2020-08-04,38.90168380737305,189.58999633789062,305.5721740722656,145.93539428710938,66.11321258544922
2020-08-05,39.324432373046875,191.35000610351562,307.4701232910156,144.65957641601562,65.78068542480469
2020-08-06,39.44773864746094,193.88999938964844,309.52532958984375,145.46762084960938,65.88611602783203
2020-08-07,38.6374626159668,190.80999755859375,309.7476501464844,144.4979705810547,66.82699584960938
2020-08-10,38.73434829711914,190.14999389648438,310.6734313964844,143.8514862060547,66.93244171142578
2020-08-11,38.628662109375,179.94000244140625,308.1090087890625,142.14183044433594,65.96723175048828
2020-08-12,39.14828872680664,179.10000610351562,312.4046936035156,140.84889221191406,66.63233184814453
2020-08-13,39.03379440307617,183.3300018310547,311.8399353027344,139.3433837890625,65.81312561035156
2020-08-14,38.96333694458008,182.5399932861328,311.84918212890625,138.7989959716797,65.82122802734375
2020-08-17,39.45655059814453,186.5,312.83990478515625,139.14772033691406,66.3565444946289
2020-08-18,39.412513732910156,188.17999267578125,313.51568603515625,140.14295959472656,66.04024505615234
2020-08-19,38.9281120300293,182.24000549316406,312.21026611328125,139.26683044433594,64.8803482055664
2020-08-20,38.804805755615234,183.5,313.182373046875,140.5256805419922,65.49677276611328
2020-08-21,38.99856948852539,182.02999877929688,314.2933349609375,141.3678436279297,65.60221099853516
2020-08-24,39.43012237548828,181.0,317.4781494140625,141.1381072998047,66.02401733398438
2020-08-25,39.82645034790039,181.22000122070312,318.589111328125,140.057861328125,66.1943359375
2020-08-26,39.9321403503418,183.36000061035156,321.7831726074219,139.52195739746094,65.58599853515625
2020-08-27,39.59745788574219,181.24000549316406,322.4867248535156,137.14886474609375,66.55121612548828
2020-08-28,40.117095947265625,184.38999938964844,324.56982421875,137.04678344726562,66.98921966552734
2020-08-31,39.22755813598633,184.8300018310547,323.3940124511719,137.95693969726562,66.30789947509766
2020-09-01,39.896907806396484,185.0500030517578,326.4399108886719,139.5348358154297,66.3565444946289
2020-09-02,39.791221618652344,182.6199951171875,331.16156005859375,140.8632354736328,67.58943939208984
2020-09-03,39.03379440307617,181.13999938964844,319.76495361328125,141.26353454589844,66.77832794189453
2020-09-04,39.05141067504883,181.63999938964844,317.1540832519531,138.58111572265625,66.42955780029297
2020-09-08,38.37324905395508,181.2899932861328,308.4885559082031,139.4326934814453,65.61843872070312
2020-09-09,38.94572448730469,183.0500030517578,314.5803527832031,139.0579833984375,66.267333984375
2020-09-10,38.320404052734375,182.4600067138672,309.1180725097656,139.7647705078125,65.45621490478516
2020-09-11,38.690311431884766,182.4499969482422,309.2754821777344,140.06275939941406,65.09123992919922
2020-09-14,39.31562805175781,183.88999938964844,313.3490295410156,140.05433654785156,66.68099212646484
2020-09-15,39.72956848144531,183.4499969482422,314.9322509765625,139.71368408203125,67.4839859008789
2020-09-16,39.676727294921875,183.97000122070312,313.682373046875,139.29640197753906,67.84087371826172
2020-09-17,39.5181999206543,182.9600067138672,310.92340087890625,139.72219848632812,66.51876068115234
2020-09-18,39.20994186401367,183.1999969482422,307.34381103515625,139.28785705566406,65.01822662353516
2020-09-21,38.848846435546875,179.52000427246094,303.9232482910156,139.99464416503906,63.06348419189453
2020-09-22,38.558204650878906,178.64999389648438,307.01849365234375,139.88401794433594,63.81779861450195
2020-09-23,37.95930862426758,174.7899932861328,299.8984375,140.07138061523438,61.89546585083008
2020-09-24,37.78316879272461,175.44000244140625,300.6978454589844,140.6078338623047,62.228031158447266
2020-09-25,37.818389892578125,174.94000244140625,305.55908203125,140.6078338623047,63.511329650878906
2020-09-28,38.24114227294922,176.6999969482422,310.63433837890625,140.20753479003906,64.81098937988281
2020-09-29,38.214717864990234,178.19000244140625,308.9425964355469,140.36935424804688,64.34506225585938
2020-09-30,38.831233978271484,177.1199951171875,311.2850036621094,139.02392578125,64.541259765625
2020-10-01,39.19233322143555,178.6999969482422,313.2834777832031,139.25323486328125,65.83273315429688
2020-10-02,38.7431526184082,178.5399932861328,310.3089294433594,138.73321533203125,66.96888732910156
2020-10-05,39.262786865234375,179.41000366210938,315.81170654296875,136.0225067138672,67.35306549072266
2020-10-06,39.33323287963867,177.3000030517578,311.3222351074219,136.7555389404297,66.91170501708984
2020-10-07,39.76479721069336,177.22000122070312,316.74127197265625,135.75823974609375,67.00978088378906
2020-10-08,40.09066390991211,177.85000610351562,319.5483703613281,136.49130249023438,68.12959289550781
2020-10-09,40.36369323730469,181.0800018310547,322.4019470214844,136.46578979492188,67.85986328125
2020-10-12,40.71598815917969,180.55999755859375,327.58868408203125,136.90054321289062,68.17863464355469
2020-10-13,40.54864501953125,177.72000122070312,325.4508056640625,137.8808135986328,67.00978088378906
2020-10-14,40.2756233215332,178.27000427246094,323.4058532714844,138.19619750976562,66.19239807128906
2020-10-15,39.984981536865234,178.9199981689453,323.0061950683594,137.95750427246094,66.53569030761719
2020-10-16,40.12589645385742,178.3000030517578,322.8109436035156,137.57395935058594,66.06158447265625
2020-10-19,40.01140594482422,178.38999938964844,317.9031677246094,137.05389404296875,65.03166961669922
2020-10-20,40.45176696777344,179.25,319.1764831542969,135.74972534179688,65.4975814819336
2020-10-21,40.56625747680664,180.60000610351562,318.57232666015625,135.28086853027344,65.30139923095703
2020-10-22,40.55744552612305,178.8300018310547,320.3198547363281,133.87440490722656,65.29322814941406
2020-10-23,40.79524612426758,178.63999938964844,321.40740966796875,134.6927032470703,65.68558502197266
2020-10-26,40.266815185546875,178.5500030517578,315.46783447265625,135.94570922851562,64.74559020996094
2020-10-27,40.44295883178711,179.02000427246094,314.38031005859375,136.85781860351562,63.707515716552734
2020-10-28,39.43012237548828,176.1300048828125,303.6350402832031,136.9857177734375,62.18715286254883
2020-10-29,39.82645034790039,175.39999389648438,306.7211608886719,135.65599060058594,63.020896911621094
2020-10-30,39.37727355957031,176.1999969482422,303.5235290527344,134.317626953125,62.60402297973633
2020-11-02,39.879295349121094,177.91000366210938,306.92559814453125,135.32369995117188,64.09986114501953
2020-11-03,40.055442810058594,178.9199981689453,312.3446350097656,134.5386199951172,65.33412170410156
2020-11-04,41.31488037109375,178.82000732421875,319.3252868652344,137.45709228515625,65.44853973388672
2020-11-05,42.01945495605469,182.92999267578125,325.5530700683594,137.69607543945312,65.75914764404297
2020-11-06,42.21321487426758,183.19000244140625,325.47869873046875,136.03199768066406,65.30960083007812
2020-11-09,42.503868103027344,175.0800018310547,329.5685729980469,133.17327880859375,67.6228256225586
2020-11-10,42.01945495605469,175.66000366210938,329.0852355957031,132.40528869628906,68.61185455322266
2020-11-11,42.29248046875,174.89999389648438,331.5299072265625,132.88316345214844,68.87342071533203
2020-11-12,41.97541809082031,175.9600067138672,328.31365966796875,135.14450073242188,67.97428894042969
2020-11-13,42.56550979614258,177.16000366210938,332.8589782714844,134.96530151367188,69.78890991210938
2020-11-16,43.09394454956055,177.14999389648438,337.0139465332031,134.6410369873047,70.57357025146484
2020-11-17,43.04991149902344,176.5,335.2013854980469,135.52001953125,70.63899993896484
2020-11-18,42.900184631347656,175.49000549316406,331.1672668457031,135.91256713867188,69.2657699584961
2020-11-19,42.97064208984375,175.16000366210938,332.5615539550781,136.61233520507812,69.53551483154297
2020-11-20,43.20844268798828,175.69000244140625,330.2841796875,137.82400512695312,69.1595230102539
2020-11-23,43.322940826416016,172.22999572753906,332.2640686035156,137.19261169433594,69.290283203125
2020-11-24,43.90420150756836,169.58999633789062,337.6181335449219,135.82717895507812,69.65811920166016
2020-11-25,43.65761184692383,169.50999450683594,337.0976257324219,135.4090576171875,69.69898986816406
2020-11-27,44.07154846191406,167.7899932861328,338.0364685058594,136.7232208251953,69.38836669921875
2020-11-30,42.91779708862305,166.6699981689453,336.5399475097656,136.55258178710938,68.660888671875
2020-12-01,43.763301849365234,170.17999267578125,340.22076416015625,134.53915405273438,69.54368591308594
2020-12-02,43.82494354248047,171.4600067138672,340.9364929199219,133.47137451171875,68.99603271484375
2020-12-03,44.326961517333984,172.80999755859375,340.8435363769531,134.5477294921875,69.57638549804688
2020-12-04,44.78493881225586,172.32000732421875,343.7808532714844,132.57443237304688,70.63899993896484
2020-12-07,44.78493881225586,174.88999938964844,343.07440185546875,133.77041625976562,70.02594757080078
2020-12-08,44.802555084228516,175.5,344.0782470703125,134.40248107910156,69.78072357177734
2020-12-09,44.41503143310547,172.5,340.9922790527344,133.95834350585938,69.34750366210938
2020-12-10,44.98750305175781,172.1699981689453,340.8807373046875,135.14566040039062,69.04505920410156
2020-12-11,44.670448303222656,172.49000549316406,340.4810791015625,135.62400817871094,68.97968292236328
2020-12-14,44.43819808959961,171.5399932861328,338.95660400390625,135.24818420410156,68.67723846435547
2020-12-15,44.91870880126953,173.94000244140625,343.53912353515625,134.79534912109375,70.08314514160156
2020-12-16,45.132266998291016,174.89999389648438,344.0782470703125,134.43667602539062,70.16490936279297
2020-12-17,45.42591094970703,176.74000549316406,346.0023193359375,134.08087158203125,70.84333801269531
2020-12-18,45.37252426147461,176.44000244140625,344.6206970214844,133.67897033691406,69.42108154296875
2020-12-21,44.705142974853516,175.8800048828125,343.38848876953125,134.20919799804688,69.02872467041016
2020-12-22,44.349212646484375,174.49000549316406,342.809814453125,134.90185546875,69.510986328125
2020-12-23,44.80303192138672,175.64999389648438,343.117919921875,133.96974182128906,69.06143951416016
2020-12-24,44.60726547241211,176.35000610351562,344.4527282714844,134.49996948242188,69.66606903076172
2020-12-28,44.73183822631836,175.7100067138672,347.4118957519531,134.55984497070312,70.0813217163086
2020-12-29,45.39921569824219,176.35000610351562,346.74908447265625,134.38880920410156,69.48334503173828
2020-12-30,46.004302978515625,177.6999969482422,347.2438659667969,134.6795196533203,69.86538696289062
2020-12-31,45.97760772705078,178.36000061035156,349.0080871582031,134.876220703125,70.53813171386719
2021-01-04,46.27125549316406,182.3300018310547,344.2567138671875,134.71368408203125,68.24583435058594
2021-01-05,47.38353729248047,182.8699951171875,346.62774658203125,133.7132568359375,68.3454818725586
2021-01-06,46.983116149902344,179.89999389648438,348.7000427246094,130.9683837890625,68.46177673339844
2021-01-07,47.428035736083984,179.47999572753906,353.88092041015625,129.8139190673828,68.32886505126953
2021-01-08,48.68268966674805,173.33999633789062,355.89715576171875,129.3949737548828,68.9933090209961
2021-01-11,48.02421951293945,173.0,353.4981994628906,129.18116760253906,68.07972717285156
2021-01-12,48.49583053588867,174.1199951171875,353.5728759765625,129.0785369873047,68.23751831054688
2021-01-13,48.60261154174805,173.3699951171875,354.52496337890625,130.53221130371094,69.06806945800781
2021-01-14,49.056419372558594,173.27999877929688,353.2834167480469,129.30934143066406,69.47502899169922
2021-01-15,48.36235427856445,171.1300048828125,350.7071228027344,129.8224639892578,70.2723388671875
2021-01-19,49.163204193115234,172.5800018310547,353.4607849121094,130.24151611328125,70.0730209350586
2021-01-20,50.026344299316406,175.38999938964844,358.3522644042969,130.36981201171875,71.41020965576172
2021-01-21,50.115325927734375,175.27999877929688,358.678955078125,129.45486450195312,71.06968688964844
2021-01-22,49.67931365966797,173.89999389648438,357.40948486328125,129.87374877929688,71.23577117919922
2021-01-25,50.053035736083984,174.0500030517578,358.8189697265625,131.4044189453125,71.77565002441406
2021-01-26,49.68820571899414,173.6199951171875,358.2588806152344,131.15646362304688,72.28228759765625
2021-01-27,48.3089714050293,172.52000427246094,349.50286865234375,131.49002075195312,71.00321960449219
2021-01-28,48.647098541259766,172.67999267578125,352.5086669921875,130.76318359375,71.38526916503906
2021-01-29,47.43693161010742,172.61000061035156,345.45159912109375,129.9763641357422,70.56304168701172
2021-02-01,48.718284606933594,174.22999572753906,351.2017517089844,130.1270294189453,72.1742935180664
2021-02-02,49.350067138671875,172.11000061035156,356.1678466796875,129.2881317138672,72.6061782836914
2021-02-03,49.59922409057617,171.85000610351562,356.4479064941406,128.1409149169922,72.42347717285156
2021-02-04,49.61701965332031,168.14999389648438,360.4992370605469,127.79850006103516,72.92179870605469
2021-02-05,50.04414367675781,169.80999755859375,361.91815185546875,126.7283706665039,73.17926025390625
2021-02-08,50.13312530517578,171.52000427246094,364.5318298339844,127.28485107421875,73.5779037475586
2021-02-09,50.66701889038086,172.0800018310547,364.2892150878906,127.37898254394531,73.83539581298828
2021-02-10,50.84498977661133,172.7100067138672,364.13043212890625,128.22657775878906,74.23404693603516
2021-02-11,51.38778305053711,171.2100067138672,364.718505859375,127.52457427978516,74.39185333251953
2021-02-12,51.43227767944336,170.69000244140625,366.5201416015625,125.94073486328125,74.40847778320312
2021-02-16,51.55685806274414,168.24000549316406,366.20269775390625,124.02308654785156,73.83539581298828
2021-02-17,51.57465362548828,166.3300018310547,366.286865234375,124.8106918334961,73.74403381347656
2021-02-18,50.862789154052734,166.32000732421875,364.7279052734375,124.30562591552734,73.42842102050781
2021-02-19,51.192020416259766,167.00999450683594,364.0838623046875,122.65335083007812,73.85200500488281
2021-02-22,49.68820571899414,169.50999450683594,361.2833557128906,121.7201919555664,74.46660614013672
2021-02-23,49.91066360473633,169.1199951171875,361.7220764160156,121.36919403076172,74.93170928955078
2021-02-24,49.590328216552734,169.0,365.7080078125,120.57301330566406,75.50479125976562
2021-02-25,48.46023178100586,165.82000732421875,356.8960266113281,118.6039810180664,74.05962371826172
2021-02-26,47.8106575012207,161.80999755859375,355.0570373535156,122.52498626708984,72.97993469238281
2021-03-01,49.092010498046875,161.52999877929688,363.6636047363281,120.90667724609375,73.30384826660156
2021-03-02,48.611507415771484,162.41000366210938,360.8259582519531,120.91519927978516,72.59788513183594
2021-03-03,48.51362991333008,160.6199951171875,356.04656982421875,119.60379791259766,72.1825942993164
2021-03-04,47.38353729248047,159.0399932861328,351.6405334472656,118.83238983154297,71.36035919189453
2021-03-05,47.8996467590332,159.13999938964844,358.10955810546875,119.06385803222656,72.14108276367188
2021-03-08,46.6093864440918,157.49000549316406,356.32659912109375,118.13815307617188,72.76398468017578
2021-03-09,47.632694244384766,160.83999633789062,361.4140319824219,119.77521514892578,73.2457046508789
2021-03-10,47.41913604736328,161.66000366210938,363.6636047363281,120.0152816772461,73.97659301757812
2021-03-11,48.91405487060547,161.52000427246094,367.3509521484375,119.14952850341797,74.84033203125
2021-03-12,48.042015075683594,161.49000549316406,367.8456726074219,116.62102508544922,76.09446716308594
2021-03-15,48.15769958496094,162.1999969482422,370.0392761230469,117.30670928955078,77.22401428222656
2021-03-16,48.36235427856445,162.35000610351562,369.5726013183594,116.8353500366211,76.90840148925781
2021-03-17,48.424644470214844,163.50999450683594,370.8327941894531,115.96102905273438,76.97486114501953
2021-03-18,47.53481674194336,162.55999755859375,365.4373779296875,114.78675079345703,76.19412231445312
2021-03-19,48.12209701538086,163.24000549316406,364.7611999511719,115.4981918334961,75.15594482421875
2021-03-22,47.97972869873047,163.0,367.6737365722656,116.79240417480469,75.6875
2021-03-23,47.06320571899414,161.80999755859375,364.7799072265625,117.84671783447266,75.57951354980469
2021-03-24,45.986507415771484,162.3699951171875,362.925537109375,118.48097229003906,75.15594482421875
2021-03-25,46.2000617980957,161.77999877929688,364.9671936035156,117.54669952392578,75.92118835449219
2021-03-26,47.401336669921875,162.24000549316406,370.8486328125,117.13529968261719,77.55855560302734
2021-03-29,47.07210922241211,160.30999755859375,370.6613464355469,116.14102172851562,77.10746765136719
2021-03-30,47.22336959838867,157.57000732421875,369.677978515625,116.7496109008789,77.20769500732422
2021-03-31,47.46363067626953,159.9600067138672,371.17633056640625,116.09813690185547,76.7398681640625
2021-04-01,47.92634201049805,161.97999572753906,375.18475341796875,118.02506256103516,78.1349868774414
2021-04-05,48.11320114135742,161.9199981689453,380.56982421875,117.51010131835938,78.43572998046875
2021-04-06,48.38015365600586,163.22000122070312,380.3450622558594,118.30834197998047,78.63624572753906
2021-04-07,47.66828918457031,162.75999450683594,380.7852478027344,117.48432159423828,78.69471740722656
2021-04-08,48.059814453125,164.50999450683594,382.59271240234375,118.45421600341797,78.4023208618164
2021-04-09,47.650489807128906,163.27000427246094,385.374267578125,118.02506256103516,78.3104248046875
2021-04-12,47.36574172973633,162.27999877929688,385.51470947265625,117.97358703613281,78.7698974609375
2021-04-13,47.56150817871094,163.42999267578125,386.65728759765625,118.85762786865234,79.16253662109375
2021-04-14,47.8017692565918,162.72000122070312,385.3367919921875,118.47998046875,78.74481964111328
2021-04-15,48.23777389526367,165.35000610351562,389.47625732421875,120.46266174316406,80.12325286865234
2021-04-16,48.36235427856445,166.35000610351562,390.7780456542969,119.52708435058594,80.29869079589844
2021-04-19,48.18439483642578,165.88999938964844,388.858154296875,119.18376922607422,80.45740509033203
2021-04-20,47.79286193847656,166.47999572753906,386.0110778808594,119.73304748535156,81.11736297607422
2021-04-21,48.086509704589844,168.1300048828125,389.66357421875,119.97337341308594,81.65202331542969
2021-04-22,47.917442321777344,167.0399932861328,386.1047668457031,120.49697875976562,81.20926666259766
2021-04-23,48.611507415771484,166.39999389648438,390.2909851074219,120.21370697021484,81.6854248046875
2021-04-26,48.673797607421875,166.83999633789062,391.1058349609375,120.04207611083984,81.92772674560547
2021-04-27,48.647098541259766,166.4199981689453,391.021484375,118.99491882324219,81.91937255859375
2021-04-28,49.011932373046875,166.91000366210938,390.9092102050781,119.07215118408203,81.74393463134766
2021-04-29,48.8962516784668,166.22000122070312,393.40032958984375,118.72028350830078,82.44566345214844
2021-04-30,48.03311538696289,165.66000366210938,390.8155212402344,118.99491882324219,82.77146911621094
2021-05-03,48.03311538696289,167.80999755859375,391.65838623046875,119.06629943847656,82.61272430419922
2021-05-04,47.490325927734375,166.5800018310547,389.2420349121094,119.8742904663086,82.07807922363281
2021-05-05,47.7127799987793,167.27000427246094,389.36383056640625,120.07195281982422,80.71637725830078
2021-05-06,48.166595458984375,170.05999755859375,392.4731750488281,120.2696762084961,81.16749572753906
2021-05-07,48.66489791870117,171.58999633789062,395.32965087890625,119.67657470703125,82.23681640625
2021-05-10,47.79286193847656,172.11000061035156,391.4148254394531,118.46461486816406,82.21175384521484
2021-05-11,47.65938949584961,172.13999938964844,387.9216003417969,117.79415130615234,81.17584991455078
2021-05-12,46.34244155883789,170.42999267578125,379.68017578125,116.55638885498047,79.12076568603516
2021-05-13,46.2801513671875,171.1300048828125,384.24102783203125,116.73686981201172,80.1483154296875
2021-05-14,47.11659622192383,172.69000244140625,390.1412048339844,117.82861328125,81.10066223144531
2021-05-17,47.07210922241211,174.6999969482422,389.14849853515625,117.57926177978516,81.1842041015625
2021-05-18,47.70387649536133,175.0399932861328,385.7956237792969,117.27838897705078,81.20091247558594
2021-05-19,47.56150817871094,175.16000366210938,384.78411865234375,116.9947738647461,80.94194030761719
2021-05-20,47.83735275268555,175.9600067138672,388.9237060546875,117.95744323730469,81.85253143310547
2021-05-21,47.2856559753418,176.0399932861328,388.6052551269531,118.33563995361328,81.76899719238281
2021-05-24,47.67718505859375,176.35000610351562,392.5667724609375,118.7740249633789,82.78816986083984
2021-05-25,48.148799896240234,177.9499969482422,391.6958312988281,119.8742904663086,82.76311492919922
2021-05-26,48.50472640991211,177.63999938964844,392.4731750488281,119.66795349121094,83.13069152832031
2021-05-27,48.51362991333008,177.7100067138672,392.67926025390625,119.18667602539062,82.93852996826172
2021-05-28,48.825069427490234,178.3800048828125,393.3816223144531,118.99752807617188,83.43977355957031
2021-06-01,49.83057403564453,177.89999389648438,393.03509521484375,118.97084045410156,84.9435043334961
2021-06-02,49.91066360473633,178.77000427246094,393.6532287597656,119.24624633789062,85.93763732910156
2021-06-03,49.376766204833984,175.27000427246094,392.19219970703125,118.7986831665039,85.62017822265625
2021-06-04,49.82168197631836,177.16000366210938,395.77911376953125,120.42559051513672,85.66195678710938
2021-06-07,49.57252502441406,177.8699951171875,395.3951721191406,120.05541229248047,86.67279052734375
2021-06-08,49.332275390625,177.32000732421875,395.4794616699219,120.89904022216797,87.39122772216797
2021-06-09,49.18989944458008,176.97999572753906,394.8894348144531,121.9664077758789,87.50818634033203
2021-06-10,49.58403015136719,177.74000549316406,396.7250671386719,122.6980972290039,88.13472747802734
2021-06-11,49.41423034667969,175.74000549316406,397.3805847167969,122.50011444091797,87.78385925292969
2021-06-14,49.54828643798828,174.7100067138672,398.2702941894531,121.56185150146484,88.12638092041016
2021-06-15,49.20866775512695,174.0500030517578,397.539794921875,121.41551208496094,87.18238830566406
2021-06-16,48.53837585449219,171.11000061035156,395.3202209472656,121.31219482421875,86.61431121826172
2021-06-17,48.806488037109375,165.85000610351562,395.18914794921875,123.12844848632812,86.50570678710938
2021-06-18,48.46686935424805,164.92999267578125,389.8578796386719,125.44398498535156,85.03539276123047
2021-06-21,48.672428131103516,166.9499969482422,395.43902587890625,123.34369659423828,86.78973388671875
2021-06-22,48.448997497558594,166.25,397.5531311035156,123.6449203491211,86.33861541748047
2021-06-23,48.74393081665039,166.13999938964844,397.07391357421875,123.32646179199219,86.18824005126953
2021-06-24,49.19078826904297,166.0399932861328,399.4229431152344,123.5244369506836,86.0023193359375
2021-06-25,49.60190963745117,166.58999633789062,400.84173583984375,122.24185180664062,86.58283996582031
2021-06-28,49.64659118652344,166.5800018310547,401.64984130859375,123.49862670898438,86.3304443359375
2021-06-29,49.61084747314453,164.8300018310547,401.86590576171875,123.70521545410156,86.09487915039062
2021-06-30,49.289100646972656,165.6300048828125,402.2041320800781,124.25613403320312,85.64053344726562
2021-07-01,49.012046813964844,166.1999969482422,404.43096923828125,124.26304626464844,86.0107421875
2021-07-02,48.95842361450195,167.2899932861328,407.522216796875,125.01287078857422,86.27155303955078
2021-07-06,48.10044860839844,168.1199951171875,406.77996826171875,126.4781265258789,86.90253448486328
2021-07-07,48.046817779541016,168.75999450683594,408.21759033203125,127.59868621826172,87.2054443359375
2021-07-08,47.045841217041016,168.64999389648438,404.8913879394531,128.0985565185547,86.96145629882812
2021-07-09,47.859134674072266,169.2100067138672,409.213623046875,126.29716491699219,88.3917236328125
2021-07-12,47.90382766723633,169.0,410.6792907714844,126.1334457397461,89.1489486694336
2021-07-13,47.948516845703125,169.22000122070312,409.27935791015625,125.16807556152344,87.90376281738281
2021-07-14,48.154075622558594,171.0399932861328,409.8901062011719,126.5901870727539,88.51795196533203
2021-07-15,48.27024841308594,171.07000732421875,408.4900817871094,127.98650360107422,88.66096496582031
2021-07-16,47.8948860168457,169.41000366210938,405.2860107421875,127.74517822265625,88.6020736694336
2021-07-19,47.09052658081055,169.61000061035156,399.30084228515625,130.54640197753906,86.98667907714844
2021-07-20,47.24246597290039,169.38999938964844,405.02294921875,129.28799438476562,89.03955841064453
2021-07-21,47.546329498291016,168.75999450683594,408.30218505859375,127.65036010742188,89.0311508178711
2021-07-22,47.63570785522461,169.08999633789062,409.1571960449219,128.85708618164062,88.32444763183594
2021-07-23,46.929656982421875,168.55999755859375,413.3665771484375,127.9951171875,89.056396484375
2021-07-26,46.03593444824219,168.16000366210938,414.38134765625,127.61592864990234,89.09847259521484
2021-07-27,45.10645294189453,168.44000244140625,412.4928283691406,128.97772216796875,89.603271484375
2021-07-28,46.33085632324219,169.2899932861328,412.3235778808594,128.98641967773438,89.2919692993164
2021-07-29,46.563232421875,171.1699981689453,414.03375244140625,128.27098083496094,89.30879211425781
2021-07-30,46.116363525390625,169.82000732421875,412.02294921875,128.87428283691406,89.42660522460938
2021-08-02,46.44704818725586,169.61000061035156,411.1585693359375,130.0237579345703,89.23308563232422
2021-08-03,46.6436653137207,169.49000549316406,414.5035400390625,130.0927734375,89.34246826171875
2021-08-04,46.88497543334961,169.52999877929688,412.464599609375,130.36032104492188,89.06481170654297
2021-08-05,46.813480377197266,168.86000061035156,415.0766906738281,129.6958770751953,90.10808563232422
2021-08-06,46.42022705078125,164.63999938964844,415.76251220703125,127.52976989746094,89.9482192993164
2021-08-09,46.572174072265625,161.72000122070312,415.4242858886719,127.0724868774414,89.46866607666016
2021-08-10,46.63473129272461,161.77000427246094,415.94110107421875,126.48558044433594,88.6189193725586
2021-08-11,46.75984573364258,164.0,416.974609375,126.40788269042969,89.14054870605469
2021-08-12,46.34873580932617,164.0399932861328,418.2242736816406,126.20085144042969,89.33404541015625
2021-08-13,46.23255157470703,166.38999938964844,418.98541259765625,128.19430541992188,89.82202911376953
2021-08-16,45.812503814697266,167.22000122070312,419.9720153808594,128.5049591064453,89.71266174316406
2021-08-17,44.97239685058594,166.97000122070312,417.2189636230469,128.4532012939453,89.6200942993164
2021-08-18,45.04389190673828,167.10000610351562,412.6524963378906,128.88462829589844,88.80399322509766
2021-08-19,44.27529525756836,166.61000061035156,413.2914733886719,129.8339385986328,89.23308563232422
2021-08-20,44.239540100097656,166.6999969482422,416.5800476074219,129.92025756835938,89.67898559570312
2021-08-23,44.90983200073242,168.72999572753906,420.2445068359375,129.8339385986328,89.51072692871094
2021-08-24,45.92868423461914,168.64999389648438,420.91156005859375,128.82424926757812,89.11528778076172
2021-08-25,45.98230743408203,167.47999572753906,421.7948303222656,127.75416564941406,89.056396484375
2021-08-26,45.54438400268555,167.6699981689453,419.3048400878906,128.10801696777344,89.0900650024414
2021-08-27,46.1074333190918,170.19000244140625,423.0538330078125,128.9795684814453,90.02395629882812
2021-08-30,46.20573806762695,169.35000610351562,424.91424560546875,129.31614685058594,90.92418670654297
2021-08-31,46.84028244018555,169.69000244140625,424.2847595214844,128.43589782714844,91.353271484375
2021-09-01,47.439090728759766,169.6999969482422,424.5101623535156,128.6510467529297,92.81720733642578
2021-09-02,47.22459411621094,169.25,425.8162841796875,129.21270751953125,93.30519104003906
2021-09-03,47.47483444213867,171.05999755859375,425.71295166015625,128.03759765625,93.32200622558594
2021-09-07,47.751895904541016,167.7100067138672,424.1907653808594,126.95745849609375,92.27034759521484
2021-09-08,47.05478286743164,167.2899932861328,423.6739501953125,127.82156372070312,92.73307037353516
2021-09-09,46.96540832519531,168.02999877929688,421.86053466796875,129.36819458007812,90.84846496582031
2021-09-10,46.91178512573242,167.17999267578125,418.534423828125,128.22767639160156,89.5191421508789
2021-09-13,47.03690719604492,167.74000549316406,419.60546875,129.00534057617188,90.1249008178711
2021-09-14,46.6436653137207,168.82000732421875,417.3410949707031,130.56924438476562,89.96504211425781
2021-09-15,46.63473129272461,167.8300018310547,420.8269958496094,130.111328125,90.25110626220703
2021-09-16,46.1074333190918,164.02999877929688,420.159912109375,129.51513671875,90.32683563232422
2021-09-17,45.910804748535156,163.77000427246094,416.0670166015625,128.8930206298828,89.5191421508789
2021-09-20,44.677467346191406,164.94000244140625,409.1294860839844,130.49156188964844,88.9722671508789
2021-09-21,45.008148193359375,166.0399932861328,408.7430725097656,130.3792266845703,89.01432800292969
2021-09-22,45.57119369506836,165.4199981689453,412.7301940917969,131.1568603515625,89.88092803955078
2021-09-23,45.92868423461914,163.50999450683594,417.7449035644531,128.193115234375,89.70423126220703
2021-09-24,45.383506774902344,163.3000030517578,418.43304443359375,126.94017791748047,88.74507141113281
2021-09-27,45.678443908691406,163.63999938964844,417.2359619140625,126.47364044189453,87.55142974853516
2021-09-28,45.08858108520508,162.0500030517578,408.8278503417969,124.50353240966797,86.9588394165039
2021-09-29,44.66852951049805,161.32000732421875,409.51605224609375,124.71954345703125,87.61067962646484
2021-09-30,45.026023864746094,164.22000122070312,404.5107727050781,124.70233154296875,86.16307830810547
2021-10-01,44.98133087158203,164.58999633789062,409.3180236816406,125.7517318725586,87.38211059570312
2021-10-04,44.319976806640625,165.36000061035156,404.0394592285156,125.431640625,87.39903259277344
2021-10-05,44.63277816772461,164.58999633789062,408.24346923828125,124.2203369140625,86.7979736328125
2021-10-06,44.38253402709961,165.02999877929688,409.9400939941406,124.92113494873047,87.62761688232422
2021-10-07,45.249454498291016,164.16000366210938,413.48431396484375,123.61477661132812,87.86466217041016
2021-10-08,45.41925811767578,164.22999572753906,412.7301940917969,122.7496109008789,87.03502655029297
2021-10-11,45.32988739013672,163.9199981689453,409.7422180175781,122.43812561035156,87.25511932373047
2021-10-12,45.09752655029297,164.66000366210938,408.7336730957031,124.53180694580078,88.39799499511719
2021-10-13,45.72313690185547,167.58999633789062,410.2041015625,125.74305725097656,89.0413818359375
2021-10-14,45.866119384765625,168.0,417.10400390625,126.21031188964844,90.12496948242188
2021-10-15,46.42022705078125,165.3300018310547,420.280517578125,125.47490692138672,90.05723571777344
2021-10-18,46.30405044555664,164.9199981689453,421.5247497558594,126.06314086914062,90.28582763671875
2021-10-19,46.920719146728516,165.4499969482422,424.77685546875,124.32417297363281,90.32816314697266
2021-10-20,46.91178512573242,166.89999389648438,426.4451904296875,123.48497009277344,91.7503662109375
2021-10-21,46.60791778564453,166.75,427.5574951171875,123.337890625,91.8773422241211
2021-10-22,46.50960922241211,167.77000427246094,427.1144104003906,124.69621276855469,92.30911254882812
2021-10-25,46.750911712646484,168.92999267578125,429.40496826171875,124.50586700439453,92.60540008544922
2021-10-26,46.50960922241211,167.67999267578125,429.79144287109375,125.53545379638672,92.859375
2021-10-27,46.13424301147461,168.1199951171875,427.8874206542969,127.81949615478516,92.07206726074219
2021-10-28,46.17892837524414,168.0800018310547,432.0160217285156,127.38688659667969,93.35884094238281
2021-10-29,45.50863265991211,166.64999389648438,432.892578125,127.77623748779297,92.30911254882812
2021-11-01,45.866119384765625,167.52000427246094,433.6372375488281,126.85626983642578,92.7662582397461
2021-11-02,45.45500946044922,167.16000366210938,435.3905334472656,127.41931915283203,93.20646667480469
2021-11-03,45.66950225830078,165.77000427246094,438.0486755371094,126.10255432128906,93.51969146728516
2021-11-04,45.562259674072266,167.64999389648438,440.11297607421875,127.42792510986328,92.63079833984375
2021-11-05,45.50863265991211,169.83999633789062,441.6400146484375,129.3337860107422,93.10487365722656
2021-11-08,45.92868423461914,170.4499969482422,442.0170593261719,129.09112548828125,93.0286865234375
2021-11-09,45.749935150146484,171.2899932861328,440.5560607910156,130.77174377441406,93.18953704833984
2021-11-10,45.562259674072266,173.14999389648438,437.01190185546875,128.38087463378906,92.75778198242188
2021-11-11,46.34873580932617,174.1199951171875,437.1531982421875,128.19027709960938,92.91016387939453
2021-11-12,46.4738655090332,174.4499969482422,440.45233154296875,127.62718200683594,92.84243774414062
2021-11-15,46.321922302246094,174.17999267578125,440.60321044921875,126.02462005615234,93.49429321289062
2021-11-16,46.384490966796875,172.9199981689453,442.3470153808594,125.70409393310547,92.87629699707031
2021-11-17,46.143184661865234,174.5,441.2724609375,126.70030975341797,93.16413879394531
2021-11-18,45.580135345458984,173.94000244140625,442.7711486816406,127.17674255371094,93.18106842041016
2021-11-19,45.50863265991211,172.61000061035156,441.9793701171875,128.5194549560547,92.63079833984375
2021-11-22,45.1422119140625,168.74000549316406,440.7351379394531,127.01213073730469,92.17366027832031
2021-11-23,45.09752655029297,167.27999877929688,441.319580078125,125.1756820678711,92.91863250732422
2021-11-24,45.03496170043945,167.1199951171875,442.4977722167969,127.18541717529297,94.04454040527344
2021-11-26,43.52455520629883,166.85000610351562,432.6286315917969,130.39923095703125,91.4286880493164
2021-11-29,43.69436264038086,166.6199951171875,437.9355773925781,129.35107421875,92.10592651367188
2021-11-30,43.649681091308594,165.5,429.41436767578125,131.3175048828125,90.36200714111328
2021-12-01,43.810550689697266,166.16000366210938,424.644775390625,132.12762451171875,88.8720703125
2021-12-02,44.34679412841797,165.24000549316406,431.1487731933594,132.29238891601562,91.53872680664062
2021-12-03,43.72117233276367,166.6300048828125,427.39727783203125,133.8709259033203,91.23397827148438
2021-12-06,44.060791015625,166.22000122070312,432.45904541015625,132.03219604492188,92.83396911621094
2021-12-07,44.757904052734375,166.80999755859375,441.4044189453125,130.96536254882812,94.17156219482422
2021-12-08,44.936641693115234,166.89999389648438,442.5732116699219,128.70172119140625,94.84880065917969
2021-12-09,44.72216033935547,165.8800048828125,439.58514404296875,129.42160034179688,93.47735595703125
2021-12-10,44.757904052734375,166.5800018310547,443.7231140136719,129.1092987060547,93.76519012451172
2021-12-13,44.048091888427734,167.0,439.79248046875,131.0173797607422,94.6456069946289
2021-12-14,43.94837188720703,165.44000244140625,436.7666931152344,130.70516967773438,93.4350357055664
2021-12-15,43.82146453857422,166.14999389648438,443.5912780761719,129.44760131835938,94.74720001220703
2021-12-16,43.875850677490234,168.16000366210938,439.6794128417969,129.4979248046875,94.71334075927734
2021-12-17,43.658287048339844,167.8000030517578,434.99993896484375,130.96533203125,94.59481048583984
2021-12-20,43.00558853149414,167.08999633789062,430.3744201660156,129.98416137695312,93.85832214355469
2021-12-21,43.730812072753906,167.02000427246094,438.0174255371094,129.4892578125,94.91650390625
2021-12-22,43.939308166503906,168.58999633789062,442.3970947265625,130.08836364746094,95.89006042480469
2021-12-23,44.16594314575195,168.97000122070312,445.14971923828125,128.95956420898438,95.78848266601562
2021-12-27,44.36536407470703,169.3699951171875,451.4494934082031,129.27218627929688,97.41460418701172
2021-12-28,44.220333099365234,168.63999938964844,451.0805358886719,128.75985717773438,97.77349853515625
2021-12-29,44.020896911621094,168.58999633789062,451.6575927734375,127.35328674316406,98.43147277832031
2021-12-30,44.52519989013672,169.8000030517578,450.40899658203125,128.4212188720703,98.8587417602539
2021-12-31,44.30751037597656,170.9600067138672,449.27386474609375,128.67303466796875,99.1321792602539
2022-01-03,44.624961853027344,168.3300018310547,451.8751525878906,125.29537200927734,98.3545913696289
2022-01-04,44.47077178955078,169.57000732421875,451.7237854003906,124.77440643310547,98.23494720458984
2022-01-05,43.74516677856445,169.05999755859375,443.0496826171875,124.09711456298828,95.423583984375
2022-01-06,43.94470977783203,166.99000549316406,442.6335144042969,124.41837310791016,95.50904846191406
2022-01-07,44.34379196166992,167.75,440.8835754394531,123.52400970458984,94.87670135498047
2022-01-10,44.34379196166992,168.25999450683594,440.33489990234375,123.82791137695312,94.32981872558594
2022-01-11,45.36872100830078,170.2899932861328,444.3456115722656,124.65281677246094,94.47508239746094
2022-01-12,46.12153625488281,170.74000549316406,445.54693603515625,124.17526245117188,94.5861587524414
2022-01-13,45.46848678588867,170.16000366210938,439.4079895019531,125.2779769897461,94.39818572998047
2022-01-14,45.450347900390625,169.6699981689453,439.587646484375,123.38506317138672,93.54367065429688
2022-01-18,44.643104553222656,169.38999938964844,431.8027648925781,121.64847564697266,92.56095886230469
2022-01-19,44.83357620239258,172.0800018310547,427.31915283203125,122.49076843261719,91.31339263916016
2022-01-20,45.096614837646484,171.64999389648438,422.5895080566406,123.2462158203125,90.14269256591797
2022-01-21,44.44356155395508,171.08999633789062,414.2937927246094,124.71359252929688,89.92052459716797
2022-01-24,43.81772994995117,172.02999877929688,416.05316162109375,123.68900299072266,90.09142303466797
2022-01-25,43.73610305786133,172.5800018310547,410.9736328125,123.4892578125,89.73252868652344
2022-01-26,43.18281936645508,169.7899932861328,409.9425354003906,121.99584197998047,88.33113861083984
2022-01-27,42.68396759033203,167.60000610351562,407.9183044433594,124.23602294921875,86.86991882324219
2022-01-28,42.892574310302734,167.10000610351562,418.0490417480469,124.27947998046875,89.68125915527344
2022-01-31,44.29844284057617,168.08999633789062,425.5785827636719,123.63691711425781,90.78358459472656
2022-02-01,44.5705451965332,168.22999572753906,428.4542236328125,123.22653198242188,90.4588623046875
2022-02-02,44.49799346923828,168.83999633789062,432.6162414550781,123.64387512207031,91.61245727539062
2022-02-03,44.026336669921875,168.60000610351562,422.4476623535156,122.67869567871094,90.63831329345703
2022-02-04,44.13518142700195,168.86000061035156,424.43408203125,120.8701400756836,89.74108123779297
2022-02-07,44.04447937011719,170.11000061035156,423.07196044921875,120.94840240478516,89.61289978027344
2022-02-08,44.47077178955078,170.6300048828125,426.55291748046875,120.13978576660156,89.19418334960938
2022-02-09,45.1691780090332,171.2100067138672,432.7959899902344,120.36583709716797,91.2108383178711
2022-02-10,44.86985778808594,170.55999755859375,425.02056884765625,118.45293426513672,89.05747985839844
2022-02-11,44.18960189819336,173.80999755859375,416.6396484375,120.20932006835938,88.24565887451172
2022-02-14,43.8812141418457,174.74000549316406,415.2774963378906,118.71379089355469,87.44243621826172
2022-02-15,44.83357620239258,173.0800018310547,421.9746398925781,117.36602783203125,88.22857666015625
2022-02-16,45.16010284423828,174.86000061035156,422.4476623535156,118.06161499023438,88.63874816894531
2022-02-17,44.634037017822266,177.25,413.4235534667969,118.93983459472656,87.69878387451172
2022-02-18,44.18960189819336,177.1199951171875,410.74658203125,120.1919174194336,87.16899108886719
2022-02-22,43.563758850097656,177.49000549316406,406.3385925292969,120.50498962402344,86.85279846191406
2022-02-23,43.05583572387695,178.2899932861328,399.13067626953125,118.84417724609375,85.41722106933594
2022-02-24,42.16696548461914,177.13999938964844,405.1372375488281,118.9225082397461,86.85279846191406
2022-02-25,42.94698715209961,176.5500030517578,414.076171875,119.00935363769531,88.94638061523438
2022-02-28,42.3846435546875,178.3800048828125,413.0166931152344,121.6179428100586,87.62186431884766
2022-03-01,41.82229995727539,181.6199951171875,406.7264404296875,123.02405548095703,87.16044616699219
2022-03-02,41.894859313964844,179.72999572753906,414.2086181640625,118.8187484741211,88.79258728027344
2022-03-03,41.305301666259766,180.8000030517578,412.14654541015625,120.02897644042969,89.5188980102539
2022-03-04,40.47085189819336,183.67999267578125,408.79803466796875,122.1010971069336,89.9290542602539
2022-03-07,38.95614242553711,186.41000366210938,396.7469787597656,121.16950988769531,88.15169525146484
2022-03-08,39.08312225341797,191.50999450683594,393.739013671875,119.95057678222656,87.72443389892578
2022-03-09,40.18968200683594,185.82000732421875,404.29547119140625,118.77523040771484,89.07455444335938
2022-03-10,39.436859130859375,186.39999389648438,402.4698181152344,117.0687484741211,89.29673767089844
2022-03-11,38.61147689819336,185.08999633789062,397.3523864746094,117.46054077148438,88.58748626708984
2022-03-14,37.67726135253906,182.3000030517578,394.4483642578125,114.71793365478516,87.89532470703125
2022-03-15,37.7316780090332,178.88999938964844,403.1225280761719,114.51769256591797,88.48494720458984
2022-03-16,40.770172119140625,180.00999450683594,412.0614013671875,115.6408462524414,89.5359878540039
2022-03-17,40.56155776977539,180.88999938964844,417.21661376953125,114.77890014648438,90.92031860351562
2022-03-18,41.14204406738281,179.3000030517578,421.7863464355469,116.1806411743164,90.92031860351562
2022-03-21,40.50713348388672,180.6699981689453,421.6630554199219,113.49034118652344,90.36487579345703
2022-03-22,41.24181365966797,179.36000061035156,426.59710693359375,112.03633117675781,90.59558868408203
2022-03-23,40.96970748901367,181.80999755859375,421.1032409667969,114.49158477783203,89.57917022705078
2022-03-24,41.18739318847656,183.1300048828125,427.4510803222656,113.59478759765625,90.146240234375
2022-03-25,40.860862731933594,182.3800048828125,429.53851318359375,112.0189208984375,91.27177429199219
2022-03-28,40.99692153930664,179.05999755859375,432.5938415527344,112.97663879394531,92.24266052246094
2022-03-29,41.69532012939453,179.13999938964844,437.9453430175781,113.82989501953125,94.94910430908203
2022-03-30,41.57740783691406,180.5800018310547,435.2411193847656,114.71793365478516,94.26174926757812
2022-03-31,40.951568603515625,180.64999389648438,428.5422668457031,114.99657440185547,93.1104507446289
2022-04-01,41.631832122802734,179.5,429.7568054199219,115.4343032836914,94.92333984375
2022-04-04,42.36650466918945,180.3699951171875,433.4383239746094,114.63206481933594,94.45938873291016
2022-04-05,41.58647537231445,179.24000549316406,427.96343994140625,112.04226684570312,93.99542236328125
2022-04-06,41.04227066040039,179.66000366210938,423.6841125488281,111.13539123535156,95.11235046386719
2022-04-07,40.71575164794922,180.33999633789062,425.8189392089844,110.29826354980469,94.1672592163086
2022-04-08,40.75203323364258,181.47000122070312,424.6803894042969,109.10365295410156,94.32190704345703
2022-04-11,40.24409866333008,182.3699951171875,417.4216613769531,107.37709045410156,93.30806732177734
2022-04-12,40.11711883544922,183.77000427246094,415.8749694824219,107.22884368896484,93.17059326171875
2022-04-13,40.6431884765625,184.64999389648438,420.6382751464844,107.44686126708984,93.83216094970703
2022-04-14,40.11711883544922,184.0399932861328,415.40057373046875,105.2930679321289,93.4283447265625
2022-04-18,39.9810676574707,184.61000061035156,415.5713195800781,104.76982116699219,93.05030059814453
2022-04-19,39.781524658203125,181.82000732421875,422.2797546386719,103.98504638671875,95.0780029296875
2022-04-20,39.54570388793945,182.7100067138672,421.9666748046875,106.07782745361328,96.65888977050781
2022-04-21,38.7838134765625,182.05999755859375,415.6567687988281,105.2930679321289,95.98873138427734
2022-04-22,38.439151763916016,180.2899932861328,404.25146484375,104.63031005859375,94.30471801757812
2022-04-25,38.15797424316406,177.0500030517578,406.5951232910156,105.67671203613281,94.06414031982422
2022-04-26,37.32352828979492,177.32000732421875,394.81982421875,106.74052429199219,92.51760864257812
2022-04-27,37.75889205932617,175.97999572753906,395.9299011230469,105.37152862548828,91.90760040283203
2022-04-28,38.30309295654297,176.92999267578125,405.9309387207031,105.52848052978516,93.60018157958984
2022-04-29,38.439151763916016,176.91000366210938,390.9294738769531,104.159423828125,89.30422973632812
2022-05-02,38.38472366333008,173.6300048828125,393.28265380859375,102.3539810180664,87.14766693115234
2022-05-03,38.66590118408203,174.08999633789062,395.08544921875,103.04399871826172,88.23025512695312
2022-05-04,39.08312225341797,175.8000030517578,407.1169738769531,103.61175537109375,89.24408721923828
2022-05-05,37.6409797668457,175.1300048828125,392.6468811035156,100.77296447753906,86.86412048339844
2022-05-06,37.123985290527344,175.4199981689453,390.3032531738281,99.28807830810547,85.8331069946289
2022-05-09,36.05370330810547,172.8800048828125,377.80682373046875,100.16152954101562,82.05266571044922
2022-05-10,36.226043701171875,171.4199981689453,378.6797790527344,101.06995391845703,80.55767822265625
2022-05-11,35.972076416015625,172.82000732421875,372.6640625,103.01782989501953,80.38583374023438
2022-05-12,35.73625946044922,170.1699981689453,372.2749938964844,102.82564544677734,81.01305389404297
2022-05-13,36.72489547729492,168.7899932861328,381.17529296875,101.30577850341797,83.15242767333984
2022-05-16,36.579776763916016,170.39999389648438,379.62860107421875,101.20098114013672,82.62831115722656
2022-05-17,37.47771453857422,169.3300018310547,387.43768310546875,99.97811126708984,83.75387573242188
2022-05-18,36.579776763916016,169.4199981689453,371.81951904296875,102.10940551757812,81.32235717773438
2022-05-19,37.1602668762207,171.91000366210938,369.542236328125,102.3539810180664,80.96148681640625
2022-05-20,37.314453125,172.02999877929688,369.70355224609375,103.51569366455078,81.47699737548828
2022-05-23,37.59562683105469,172.8300018310547,376.6207580566406,101.8124008178711,82.42212677001953
2022-05-24,36.94257354736328,174.1300048828125,373.7456359863281,103.82139587402344,83.1180648803711
2022-05-25,37.123985290527344,173.0800018310547,377.0477294921875,104.23193359375,83.82258605957031
2022-05-26,37.7044677734375,172.75999450683594,384.5816650390625,103.7602310180664,83.92568969726562
2022-05-27,38.139835357666016,172.85000610351562,394.0227966308594,104.01356506347656,86.17678833007812
2022-05-31,38.67497253417969,171.13999938964844,391.81195068359375,101.8124008178711,85.11997985839844
2022-06-01,38.402870178222656,172.22999572753906,388.6427917480469,101.696044921875,84.41544342041016
2022-06-02,39.064979553222656,174.35000610351562,396.0438537597656,101.74851989746094,85.57534790039062
2022-06-03,38.43008041381836,172.5800018310547,389.5441589355469,101.52979278564453,84.4326171875
2022-06-06,38.63869094848633,171.82000732421875,390.7302551269531,99.65721130371094,84.16626739501953
2022-06-07,38.75659942626953,172.94000244140625,394.4781799316406,100.73348999023438,85.326171875
2022-06-08,38.96521759033203,172.77999877929688,390.1893615722656,99.8409423828125,83.358642578125
2022-06-09,38.04317855834961,172.22999572753906,380.9095764160156,100.1734848022461,81.38249969482422
2022-06-10,37.62240982055664,174.5399932861328,369.8647766113281,99.55220031738281,79.57820129394531
2022-06-13,36.30521011352539,169.92999267578125,355.8216857910156,96.42833709716797,75.60015106201172
2022-06-14,36.80830764770508,168.57000732421875,354.7495422363281,95.21204376220703,75.02448272705078
2022-06-15,37.29310989379883,170.77000427246094,359.80694580078125,96.98836517333984,76.8030014038086
2022-06-16,36.14970779418945,172.69000244140625,347.8988952636719,97.7584228515625,74.78392028808594
2022-06-17,36.28691482543945,171.27000427246094,348.6488037109375,98.07341003417969,75.35098266601562
2022-06-21,36.872337341308594,170.6300048828125,357.42547607421875,96.41085815429688,76.39920043945312
2022-06-22,36.21373748779297,171.30999755859375,356.7774963378906,99.06221771240234,77.37007904052734
2022-06-23,36.32350540161133,170.25999450683594,360.2748107910156,99.87600708007812,78.84001922607422
2022-06-24,37.1833381652832,170.08999633789062,371.7294006347656,98.49343872070312,80.5174560546875
2022-06-27,37.22908020019531,169.89999389648438,370.3094787597656,97.65340423583984,80.39640045166016
2022-06-28,37.000396728515625,169.6199951171875,362.7430419921875,98.10840606689453,79.41934204101562
2022-06-29,36.85403823852539,169.49000549316406,362.44757080078125,99.63970947265625,78.92647552490234
2022-06-30,36.68024444580078,168.4600067138672,359.5029296875,100.51473236083984,78.77948760986328
2022-07-01,36.451560974121094,168.32000732421875,363.30523681640625,101.54671478271484,80.19752502441406
2022-07-05,36.16800308227539,164.75,363.9913635253906,102.34455108642578,79.97271728515625
2022-07-06,35.94846725463867,162.13999938964844,365.2206726074219,100.62608337402344,79.82572937011719
2022-07-07,36.67109680175781,162.22999572753906,370.690673828125,99.74056243896484,80.0418930053711
2022-07-08,36.67109680175781,162.3000030517578,370.3857421875,98.63585662841797,79.61820983886719
2022-07-11,35.692352294921875,161.42999267578125,366.15460205078125,100.3367691040039,79.44525909423828
2022-07-12,35.555137634277344,160.8300018310547,362.9145202636719,100.9329605102539,79.13396453857422
2022-07-13,35.47281265258789,161.60000610351562,361.0086364746094,102.0903091430664,78.7535400390625
2022-07-14,35.15266418457031,159.3300018310547,360.1318359375,101.25737762451172,78.04451751708984
2022-07-15,35.335609436035156,159.00999450683594,367.0122985839844,101.82725524902344,79.3674545288086
2022-07-18,35.58258056640625,159.16000366210938,363.98187255859375,100.7663803100586,78.805419921875
2022-07-19,36.16800308227539,159.5399932861328,373.8163757324219,100.22278594970703,80.84603118896484
2022-07-20,36.01250076293945,158.0399932861328,376.1987609863281,100.4858169555664,80.65580749511719
2022-07-21,36.42412567138672,160.27000427246094,380.0296630859375,102.22180938720703,81.295654296875
2022-07-22,36.0582389831543,160.6699981689453,376.5036926269531,103.94027709960938,81.71935272216797
2022-07-25,36.18629837036133,160.22999572753906,376.9610900878906,102.92317962646484,81.8576889038086
2022-07-26,35.902732849121094,160.0399932861328,372.5013122558594,103.00213623046875,81.94413757324219
2022-07-27,36.57047653198242,161.6699981689453,382.1737976074219,102.42344665527344,82.43701171875
2022-07-28,36.725982666015625,163.63999938964844,386.96722412109375,103.23887634277344,85.10881805419922
2022-07-29,36.55218505859375,164.10000610351562,392.608642578125,102.9582748413086,85.56708526611328
2022-08-01,36.241180419921875,165.02999877929688,391.4460144042969,105.43788146972656,84.87535095214844
2022-08-02,36.0673828125,164.0500030517578,388.8635559082031,103.20684814453125,83.78588104248047
2022-08-03,36.35094451904297,164.4499969482422,394.9529724121094,104.83180236816406,84.0539321899414
2022-08-04,36.6070671081543,167.1699981689453,394.6861267089844,104.79668426513672,83.9242172241211
2022-08-05,36.64365768432617,165.2899932861328,394.01904296875,102.30213165283203,84.1576919555664
2022-08-08,36.68939208984375,166.69000244140625,393.5616149902344,103.9534683227539,84.90992736816406
2022-08-09,36.55218505859375,167.1999969482422,391.9988708496094,103.5494155883789,85.37686157226562
2022-08-10,37.009544372558594,166.77999877929688,400.2322692871094,102.87307739257812,86.67386627197266
2022-08-11,37.15589904785156,166.33999633789062,400.2322692871094,100.47515106201172,86.46634674072266
2022-08-12,37.549224853515625,167.8699951171875,407.0078430175781,101.49407196044922,87.95355987548828
2022-08-15,37.375431060791016,165.7100067138672,408.68505859375,101.40621185302734,88.30805969238281
2022-08-16,37.36628341674805,165.4199981689453,409.485595703125,101.82781982421875,88.0746078491211
2022-08-17,37.210784912109375,164.35000610351562,406.5789794921875,100.76502227783203,87.54715728759766
2022-08-18,37.000396728515625,163.9199981689453,407.76068115234375,100.91434478759766,86.96784210205078
2022-08-19,36.4973030090332,162.72000122070312,402.2812194824219,99.28937530517578,86.0512924194336
2022-08-22,36.17715072631836,161.63999938964844,393.9046936035156,98.95562744140625,84.17498016357422
2022-08-23,36.36923599243164,162.77000427246094,392.95172119140625,98.4110336303711,83.09414672851562
2022-08-24,36.36008834838867,163.25,394.209716796875,97.6907730102539,83.56970977783203
2022-08-25,37.146751403808594,163.75,399.77490234375,99.05221557617188,84.81483459472656
2022-08-26,36.59791564941406,161.75999450683594,386.2429504394531,99.79884338378906,82.67911529541016
2022-08-29,36.36923599243164,161.86000061035156,383.68902587890625,98.97318267822266,81.93551635742188
2022-08-30,35.9393196105957,160.50999450683594,379.4768981933594,99.21910858154297,80.80278778076172
2022-08-31,36.0673828125,159.27000427246094,376.5894775390625,98.27049255371094,80.4223403930664
2022-09-01,35.78382110595703,157.8699951171875,377.77117919921875,96.47132110595703,80.56932830810547
2022-09-02,35.45451736450195,159.25999450683594,373.78778076171875,97.01708984375,79.44525909423828
2022-09-06,35.033748626708984,158.3300018310547,372.3774108886719,94.61408233642578,80.1629409790039
2022-09-07,35.34475326538086,159.94000244140625,379.0671691894531,96.11045837402344,81.72798156738281
2022-09-08,35.15266418457031,158.97999572753906,381.54486083984375,95.12464141845703,81.95279693603516
2022-09-09,35.67405700683594,159.82000732421875,387.4722595214844,95.33584594726562,82.8434066772461
2022-09-12,36.204593658447266,160.6300048828125,391.6366271972656,94.55247497558594,83.64753723144531
2022-09-13,35.08863067626953,158.5399932861328,374.6073303222656,94.77254486083984,80.44828796386719
2022-09-14,35.26243209838867,157.92999267578125,376.0367431640625,95.09821319580078,79.53172302246094
2022-09-15,34.88739776611328,154.97999572753906,371.76751708984375,95.0365982055664,78.06180572509766
2022-09-16,34.56724548339844,155.83999633789062,368.9313659667969,94.24436950683594,78.0704574584961
2022-09-19,34.67700958251953,155.9600067138672,371.7923583984375,94.4644775390625,77.95804595947266
2022-09-20,34.484920501708984,155.07000732421875,367.52471923828125,93.52262115478516,76.06443786621094
2022-09-21,33.90864181518555,155.7899932861328,361.1136779785156,95.0893783569336,74.86254119873047
2022-09-22,33.743995666503906,155.6999969482422,358.0804443359375,92.6600341796875,73.91143798828125
2022-09-23,32.911598205566406,153.00999450683594,352.080810546875,93.03851318359375,72.92902374267578
2022-09-26,32.50912094116211,151.22999572753906,348.59783935546875,91.2604751586914,70.88378143310547
2022-09-27,32.472530364990234,151.5399932861328,347.7079162597656,88.85749053955078,69.93982696533203
2022-09-28,32.756099700927734,154.69000244140625,354.549560546875,91.83263397216797,71.3907241821289
2022-09-29,32.02431869506836,154.66000366210938,347.1434020996094,91.35730743408203,69.29306030273438
2022-09-30,31.905412673950195,154.6699981689453,341.7752990722656,90.17781829833984,70.0709457397461
2022-10-03,32.426795959472656,158.42999267578125,350.798583984375,91.6106948852539,71.3208236694336
2022-10-04,33.487876892089844,160.6999969482422,361.66864013671875,91.35480499267578,72.7629623413086
2022-10-05,33.50617218017578,159.80999755859375,360.82659912109375,90.48133850097656,71.3382797241211
2022-10-06,33.304931640625,159.6300048828125,357.1043395996094,89.97840881347656,69.35424041748047
2022-10-07,32.609745025634766,157.8800048828125,347.1434020996094,89.10491180419922,67.68482971191406
2022-10-10,32.15238571166992,155.47999572753906,344.4928283691406,87.71967315673828,67.04679870605469
2022-10-11,31.6401424407959,155.16000366210938,342.3111267089844,88.10789489746094,67.7285385131836
2022-10-12,31.67673110961914,155.99000549316406,341.1820373535156,88.54022216796875,67.02058410644531
2022-10-13,31.76820182800293,154.91000366210938,350.18621826171875,87.69322967529297,68.24422454833984
2022-10-14,31.292545318603516,152.97999572753906,342.2059020996094,86.96971130371094,66.54859161376953
2022-10-17,32.15238571166992,153.4199981689453,350.9995422363281,86.54620361328125,69.05706787109375
2022-10-18,32.161529541015625,153.75,355.1237487792969,86.7491455078125,69.80873107910156
2022-10-19,31.57611083984375,151.69000244140625,352.60711669921875,85.16978454589844,68.06941223144531
2022-10-20,31.77735137939453,151.4499969482422,349.650390625,83.7139892578125,67.7722396850586
2022-10-21,32.26215362548828,154.14999389648438,358.1473693847656,82.20523071289062,68.30540466308594
2022-10-24,31.03643035888672,153.64999389648438,362.52984619140625,81.52584838867188,68.2966537475586
2022-10-25,31.292545318603516,154.0,368.3189697265625,83.89923858642578,70.97994232177734
2022-10-26,31.80479621887207,154.97999572753906,365.54400634765625,85.10802459716797,70.93622589111328
2022-10-27,31.557817459106445,154.74000549316406,363.592041015625,85.99917602539062,71.04110717773438
2022-10-28,31.3657283782959,153.16000366210938,372.2420959472656,85.40803527832031,72.6056137084961
2022-10-31,31.27425193786621,151.91000366210938,369.55328369140625,84.79924011230469,72.52696990966797
2022-11-01,31.850526809692383,153.4600067138672,367.9361267089844,85.59171295166016,72.50074768066406
2022-11-02,31.585256576538086,152.38999938964844,358.7023620605469,85.22022247314453,70.5079574584961
2022-11-03,31.76820182800293,151.80999755859375,355.0088195800781,84.76031494140625,70.41181182861328
2022-11-04,33.11284255981445,156.47000122070312,360.1185607910156,83.33628845214844,71.37324523925781
2022-11-07,33.13113784790039,155.85000610351562,363.56329345703125,82.50485229492188,71.37324523925781
2022-11-08,33.36896514892578,159.4499969482422,365.52490234375,83.40705871582031,71.59175109863281
2022-11-09,32.79268264770508,158.64999389648438,357.9942932128906,83.68123626708984,70.85757446289062
2022-11-10,33.98182678222656,163.47999572753906,377.66754150390625,86.90078735351562,76.04055786132812
2022-11-11,34.90569305419922,164.55999755859375,381.3228454589844,86.58233642578125,76.03182220458984
2022-11-14,34.69530487060547,164.9199981689453,378.0790100097656,86.37008666992188,74.17887878417969
2022-11-15,35.49110412597656,165.5,381.3036193847656,87.7675552368164,74.98298645019531
2022-11-16,34.923988342285156,165.1199951171875,378.3948059082031,89.68689727783203,74.30125427246094
2022-11-17,34.988014221191406,163.9199981689453,377.23699951171875,88.74049377441406,73.7943115234375
2022-11-18,34.78677749633789,162.7899932861328,378.9497985839844,88.13019561767578,74.72952270507812
2022-11-21,34.347713470458984,161.8800048828125,377.57183837890625,88.50166320800781,75.12284088134766
2022-11-22,34.43003463745117,162.07000732421875,382.6528625488281,89.75763702392578,75.53361511230469
2022-11-23,34.71359634399414,163.0800018310547,385.064208984375,91.32318115234375,75.59480285644531
2022-11-25,34.5489501953125,163.22000122070312,384.97802734375,91.01363372802734,76.0755386352539
2022-11-28,34.3934440612793,161.92999267578125,378.83489990234375,91.27014923095703,74.03904724121094
2022-11-29,35.134368896484375,162.72999572753906,378.18426513671875,90.19989776611328,75.2626724243164
2022-11-30,36.14970779418945,164.80999755859375,390.0973205566406,90.86328125,76.9845199584961
2022-12-01,36.030792236328125,167.83999633789062,389.8102722167969,93.76597595214844,76.81845092773438
2022-12-02,36.16800308227539,167.25999450683594,389.36053466796875,94.94512176513672,76.59120178222656
2022-12-05,35.756378173828125,164.38999938964844,382.356201171875,93.61524963378906,75.19275665283203
2022-12-06,35.71064376831055,164.83999633789062,376.84466552734375,94.82100677490234,74.48478698730469
2022-12-07,35.5002555847168,166.3300018310547,376.2035217285156,97.05523681640625,74.63336944580078
2022-12-08,35.93016815185547,166.47000122070312,379.1506652832031,96.78924560546875,75.15779113769531
2022-12-09,35.692352294921875,167.05999755859375,376.3183288574219,94.27130889892578,75.01795959472656
2022-12-12,35.58258056640625,165.67999267578125,381.74383544921875,94.57275390625,75.59480285644531
2022-12-13,35.8370361328125,168.50999450683594,384.6335754394531,95.48596954345703,76.99324798583984
2022-12-14,35.85560989379883,168.10000610351562,382.1744384765625,95.8937759399414,76.4688491821289
2022-12-15,35.02910232543945,165.35000610351562,372.8257751464844,96.2679443359375,75.44622039794922
2022-12-16,35.131256103515625,166.7899932861328,368.42425537109375,95.19258117675781,73.49713134765625
2022-12-19,35.159114837646484,166.32000732421875,365.3000183105469,93.59285736083984,72.56192779541016
2022-12-20,35.14982604980469,169.0800018310547,365.7998962402344,91.9309310913086,72.37836456298828
2022-12-21,35.465572357177734,168.8000030517578,371.26947021484375,92.16197967529297,72.99891662597656
2022-12-22,35.14982604980469,166.75999450683594,365.97296142578125,92.14421844482422,72.6922378540039
2022-12-23,35.1033935546875,167.25999450683594,368.07806396484375,90.79334259033203,73.33930969238281
2022-12-27,35.62343978881836,168.6699981689453,366.6265869140625,88.99810028076172,73.31271362304688
2022-12-28,35.1033935546875,167.91000366210938,362.0701904296875,88.4737319946289,72.06291961669922
2022-12-29,35.68844985961914,168.85000610351562,368.5876159667969,89.47801971435547,73.64067077636719
2022-12-30,35.196258544921875,169.63999938964844,367.61669921875,88.48262023925781,73.10885620117188
